155,Abra,abra
155,Agusan Del Norte,agusan_del_norte
155,Agusan Del Sur,agusan_del_sur
155,Aklan,aklan
155,Albay,albay
155,Antique,antique
155,Apayao,apayao
155,Aurora,aurora
155,Basilan,basilan
155,Bataan,bataan
155,Batanes,batanes
155,Batangas,batangas
155,Benguet,benguet
155,Biliran,biliran
155,Bohol,bohol
155,Bukidnon,bukidnon
155,Bulacan,bulacan
155,Cagayan,cagayan
155,Camarines Norte,camarines_norte
155,Camarines Sur,camarines_sur
155,Camiguin,camiguin
155,Capiz,capiz
155,Catanduanes,catanduanes
155,Cavite,cavite
155,Cebu,cebu
155,Compostela Valley,compostela_valley
155,Cotabato,cotabato
155,Davao Del Norte,davao_del_norte
155,Davao Del Sur,davao_del_sur
155,Davao Oriental,davao_oriental
155,Eastern Samar,eastern_samar
155,Guimaras,guimaras
155,Ifugao,ifugao
155,Ilocos Norte,ilocos_norte
155,Ilocos Sur,ilocos_sur
155,Iloilo,iloilo
155,Isabela,isabela
155,Kalinga,kalinga
155,La Union,la_union
155,Laguna,laguna
155,Lanao Del Norte,lanao_del_norte
155,Lanao Del Sur,lanao_del_sur
155,Leyte,leyte
155,Maguindanao,maguindanao
155,Marinduque,marinduque
155,Masbate,masbate
155,Metro Manila,metro_manila
155,Misamis Occidental,misamis_occidental
155,Misamis Oriental,misamis_oriental
155,Mountain Province,mountain_province
155,Negros Occidental,negros_occidental
155,Negros Oriental,negros_oriental
155,Northernsamar,northern_samar
155,Nueva Ecija,nueva_ecija
155,Nueva Vizcaya,nueva_vizcaya
155,Occidental Mindoro,occidental_mindoro
155,Oriental Mindoro,oriental_mindoro
155,Palawan,palawan
155,Pampanga,pampanga
155,Pangasinan,pangasinan
155,Quezon,quezon
155,Quirino,quirino
155,Rizal,rizal
155,Romblon,romblon
155,Samar,samar
155,Sarangani,sarangani
155,Siquijor,siquijor
155,Sorsogon,sorsogon
155,South Cotabato,south_cotabato
155,Southern Leyte,southern_leyte
155,Sultan Kudarat,sultan_kudarat
155,Sulu,sulu
155,Surigao Del Norte,surigao_del_norte
155,Surigao Del Sur,surigao_del_sur
155,Tarlac,tarlac
155,Zambales,zambales
155,Zamboanga Del Norte,zamboanga_del_norte
155,Zamboanga Del Sur,zamboanga_del_sur
155,Zamboanga Sibugay,zamboanga_sibugay